{
  "version": "0.0.3",
  "job_config": {
    "version": "0.0.3",
    "name": null,
    "steps": [
      {
        "type": "udf",
        "udf": {
          "type": "geopandas_v2",
          "name": "arraylake_example",
          "entrypoint": "udf",
          "parameters": {},
          "metadata": {
            "fused:vizConfig": {
              "tileLayer": {
                "@@type": "TileLayer",
                "minZoom": 0,
                "maxZoom": 19,
                "tileSize": 256,
                "pickable": true
              },
              "rasterLayer": {
                "@@type": "BitmapLayer",
                "pickable": true
              },
              "vectorLayer": {
                "@@type": "GeoJsonLayer",
                "stroked": true,
                "filled": false,
                "pickable": true,
                "lineWidthMinPixels": 1,
                "pointRadiusMinPixels": 1,
                "getLineColor": {
                  "@@function": "colorContinuous",
                  "attr": "value",
                  "domain": [
                    0,
                    10
                  ],
                  "colors": "RedOr",
                  "nullColor": [
                    184,
                    184,
                    184
                  ]
                },
                "getFillColor": [
                  208,
                  208,
                  208,
                  40
                ]
              }
            },
            "fused:udfType": "vector_tile",
            "fused:slug": "arraylake_example",
            "fused:name": "arraylake_example",
            "fused:id": null,
            "fused:defaultParameters": [],
            "fused:defaultViewState": {
              "enable": true,
              "latitude": -34.63164117478592,
              "longitude": -58.43023982277589,
              "zoom": 10.942519802060842,
              "pitch": 0,
              "bearing": 0
            }
          },
          "source": "arraylake_example.py",
          "headers": []
        }
      }
    ],
    "metadata": null
  }
}